[
  {
    "id": 1,
    "name": "Cranberry Club Sandwich",
    "price": 50,
    "image": "assets/images/menu/4.jpg",
    "description": "The club sandwich is a Classic favorite, known for its layers of deliciousness all sandwiched between three slices of toasted bread."
  },
  {
    "id": 2,
    "name": "Product 2",
    "price": 25,
    "image": "https://via.placeholder.com/150",
    "description": "Description for Product 2"
  },
  {
    "id": 3,
    "name": "Product 3",
    "price": 25,
    "image": "https://via.placeholder.com/150",
    "description": "Description for Product 3"
  }
]
